SNP,population,characteristic
rs10923710,EAS,differentiated
rs111467622,EAS,differentiated
rs12042657,EAS,differentiated
rs12562360,EAS,shared
rs1506948,EAS,differentiated
rs1779445,EAS,differentiated
rs2377039,EAS,differentiated
rs2476023,EAS,shared
rs3125927,EAS,differentiated
rs3887651,EAS,differentiated
rs4912094,EAS,shared
rs6669519,EAS,differentiated
rs71631750,EAS,differentiated
rs72631743,EAS,differentiated
rs72906949,EAS,differentiated
rs7516137,EAS,shared
rs742071,EUR, differentiated
rs16834081,EUR, differentiated
rs79297754,EUR, differentiated
rs3936018,EUR, differentiated
rs17023457,EUR, differentiated
rs577676,EUR, differentiated
rs10919462,EUR, differentiated
rs12039502,EUR, differentiated
rs116910218,EAS,differentiated
rs12473319,EAS,differentiated
rs12614976,EAS,shared
rs12619464,EAS,differentiated
rs13403156,EAS,differentiated
rs13408200,EAS,differentiated
rs13426125,EAS,differentiated
rs1524082,EAS,shared
rs1529409,EAS,differentiated
rs17409597,EAS,differentiated
rs2009262,EAS,shared
rs2044473,EAS,differentiated
rs2121905,EAS,differentiated
rs2342419,EAS,shared
rs2374385,EAS,shared
rs2422241,EAS,shared
rs332734,EAS,shared
rs348979,EAS,differentiated
rs3856440,EAS,differentiated
rs6718516,EAS,differentiated
rs6725667,EAS,shared
rs6745909,EAS,differentiated
rs72621585,EAS,shared
rs72854416,EAS,shared
rs9288572,EAS,differentiated
rs7558413,EUR, differentiated
rs6715010,EUR, differentiated
rs1427539,EUR, differentiated
rs7590268,EUR, differentiated
rs35395759,EUR, differentiated
rs3891585,EUR, differentiated
rs17655927,EUR, differentiated
rs772154,EUR, differentiated
rs7597495,EUR, differentiated
rs10178696,EUR, differentiated
rs8176501,EUR, differentiated
rs13035389,EUR, differentiated
rs4675617,EUR, differentiated
rs12632544,EAS,differentiated
rs12633616,EAS,shared
rs1828554,EAS,shared
rs36024188,EAS,shared
rs4857879,EAS,shared
rs552757,EAS,differentiated
rs6765833,EAS,differentiated
rs72630201,EAS,differentiated
rs73844434,EAS,differentiated
rs7431338,EAS,differentiated
rs9812461,EAS,shared
rs9836369,EAS,shared
rs9844571,EAS,differentiated
rs3827760,EAS,differentiated
rs73048344,EUR, differentiated
rs17054293,EUR, differentiated
rs34199564,EUR, differentiated
rs793487,EUR, differentiated
rs1391361,EUR, differentiated
rs56081252,EUR, differentiated
rs117922332,EAS,differentiated
rs17011824,EAS,differentiated
rs1874285,EAS,differentiated
rs2203049,EAS,differentiated
rs326899,EAS,differentiated
rs34998838,EAS,shared
rs3815181,EAS,differentiated
rs4834173,EAS,shared
rs60442375,EAS,differentiated
rs6814518,EAS,shared
rs6834372,EAS,differentiated
rs6843082,EAS,differentiated
rs7434700,EAS,differentiated
rs7694450,EAS,shared
rs9995821,EAS,shared
rs3910659,EUR, differentiated
rs7674010,EUR, differentiated
rs514892,EUR, differentiated
rs6852838,EUR, differentiated
rs4342159,EUR, differentiated
rs13182341,EAS,shared
rs17537048,EAS,differentiated
rs2891934,EAS,shared
rs40646,EAS,differentiated
rs6555969,EAS,shared
rs6556132,EAS,differentiated
rs7712213,EAS,shared
rs880264,EAS,differentiated
rs17073930,EUR, differentiated
rs13196306,EAS,shared
rs13206526,EAS,shared
rs1418341,EAS,shared
rs17062339,EAS,shared
rs1886569,EAS,shared
rs2857487,EAS,shared
rs28880333,EAS,differentiated
rs4714260,EAS,shared
rs4895534,EAS,differentiated
rs6568401,EAS,shared
rs6940295,EAS,shared
rs73547403,EAS,differentiated
rs77646409,EAS,differentiated
rs788509,EAS,shared
rs9381919,EAS,differentiated
rs7755467,EUR, differentiated
rs73457129,EUR, differentiated
rs12055796,EUR, differentiated
rs4715567,EUR, differentiated
rs1178171,EAS,shared
rs11972687,EAS,shared
rs12707194,EAS,shared
rs1362462,EAS,differentiated
rs1420150,EAS,differentiated
rs17139675,EAS,differentiated
rs28584384,EAS,shared
rs62470051,EAS,shared
rs72586392,EAS,differentiated
rs2108791,EUR, differentiated
rs2465274,EUR, differentiated
rs62443772,EUR, differentiated
rs12535551,EUR, differentiated
rs884373,EUR, differentiated
rs798682,EUR, differentiated
rs6948022,EUR, differentiated
rs10808653,EAS,differentiated
rs12547849,EAS,shared
rs16897057,EAS,differentiated
rs58116396,EAS,shared
rs629334,EAS,differentiated
rs6983169,EAS,differentiated
rs6985531,EAS,differentiated
rs745578,EAS,differentiated
rs77139634,EAS,differentiated
rs7821044,EAS,differentiated
rs7833284,EAS,differentiated
rs7841749,EAS,shared
rs5029306,EUR, differentiated
rs116867275,EUR, differentiated
rs1588405,EUR, differentiated
rs10089785,EUR, differentiated
rs2245221,EUR, differentiated
rs2581548,EUR, differentiated
rs10814915,EAS,shared
rs10817529,EAS,differentiated
rs13287985,EAS,shared
rs2282216,EAS,differentiated
rs75614054,EAS,shared
rs78492399,EAS,shared
rs7851959,EAS,differentiated
rs7867828,EAS,differentiated
rs7871091,EAS,differentiated
rs7859005,EUR, differentiated
rs303751,EUR, differentiated
rs12553508,EUR, differentiated
rs1999464,EUR, differentiated
rs10448285,EUR, differentiated
rs1093316,EAS,differentiated
rs1107307,EAS,differentiated
rs12258832,EAS,differentiated
rs12570134,EAS,shared
rs1674906,EAS,differentiated
rs1907337,EAS,shared
rs2122934,EAS,differentiated
rs3740550,EAS,differentiated
rs4749259,EAS,differentiated
rs544784,EAS,differentiated
rs7899626,EAS,shared
rs1536446,EUR, differentiated
rs11190970,EUR, differentiated
rs34988394,EUR, differentiated
rs76482532,EAS,differentiated
rs7937453,EAS,differentiated
rs6578283,EUR, differentiated
rs7121535,EUR, differentiated
rs10838269,EUR, differentiated
rs10771396,EAS,differentiated
rs10771405,EAS,shared
rs10862968,EAS,shared
rs10862979,EAS,differentiated
rs11049559,EAS,shared
rs11057528,EAS,differentiated
rs11116137,EAS,differentiated
rs11175885,EAS,differentiated
rs1317715,EAS,shared
rs34875425,EAS,differentiated
rs35084099,EAS,shared
rs4128162,EAS,shared
rs7975189,EAS,differentiated
rs7970054,EUR, differentiated
rs60493340,EUR, differentiated
rs2695152,EUR, differentiated
rs10160931,EUR, differentiated
rs10779162,EUR, differentiated
rs12429168,EAS,shared
rs2253604,EAS,differentiated
rs7331308,EAS,differentiated
rs75493661,EAS,shared
rs9557284,EAS,differentiated
rs11842203,EUR, differentiated
rs9524742,EUR, differentiated
rs2390383,EUR, differentiated
rs12879559,EAS,differentiated
rs17096983,EAS,shared
rs1951109,EAS,differentiated
rs34763890,EAS,differentiated
rs4901427,EAS,differentiated
rs56246022,EAS,differentiated
rs58569036,EAS,differentiated
rs75208169,EAS,differentiated
rs811156,EAS,differentiated
rs35798215,EUR, differentiated
rs12878658,EUR, differentiated
rs10047930,EUR, differentiated
rs12890110,EUR, differentiated
rs76810699,EUR, differentiated
rs1257585,EUR, differentiated
rs12909674,EAS,shared
rs1387385,EAS,differentiated
rs147599640,EAS,differentiated
rs1542879,EAS,differentiated
rs16961407,EAS,differentiated
rs2278614,EAS,shared
rs56186310,EAS,differentiated
rs58646822,EAS,differentiated
rs78520578,EAS,differentiated
rs79076868,EAS,differentiated
rs80039904,EAS,differentiated
rs148375239,EUR, differentiated
rs2401176,EUR, differentiated
rs113961478,EAS,shared
rs13329766,EAS,differentiated
rs2967237,EAS,differentiated
rs6499581,EAS,differentiated
rs75678295,EAS,differentiated
rs79342471,EAS,shared
rs9934435,EAS,differentiated
rs1078523,EAS,differentiated
rs2193052,EAS,shared
rs227731,EAS,shared
rs7218433,EAS,shared
rs72856781,EAS,differentiated
rs74880650,EAS,differentiated
rs76641259,EAS,differentiated
rs8068343,EAS,differentiated
rs9900242,EAS,shared
rs2760734,EUR, differentiated
rs9899183,EUR, differentiated
rs9893705,EUR, differentiated
rs12955754,EAS,differentiated
rs4800986,EAS,shared
rs2359442,EUR, differentiated
rs634687,EUR, differentiated
rs287104,EAS,shared
rs7250869,EAS,differentiated
rs73536726,EAS,differentiated
rs10460626,EAS,shared
rs195800,EAS,shared
rs3761292,EAS,differentiated
rs4813837,EAS,differentiated
rs6022644,EAS,shared
rs6124893,EAS,differentiated
rs6139982,EUR, differentiated
rs1474738,EUR, differentiated
rs4811827,EUR, differentiated
rs1004164,EAS,differentiated
rs7281993,EAS,differentiated
rs9980535,EAS,differentiated
rs736702,EUR, differentiated